"filename", "language", "TypeScript JSX", "PostCSS", "TypeScript", "JSON", "HTML", "JavaScript", "JSON with Comments", "Go", "comment", "blank", "total"
"/home/g/git/slipway/internal/cli/check.go", "Go", 0, 0, 0, 0, 0, 0, 0, -102, 0, -11, -113
"/home/g/git/slipway/internal/cli/check_test.go", "Go", 0, 0, 0, 0, 0, 0, 0, -282, 0, -24, -306
"/home/g/git/slipway/internal/cli/cli.go", "Go", 0, 0, 0, 0, 0, 0, 0, -566, -5, -46, -617
"/home/g/git/slipway/internal/cli/cli_test.go", "Go", 0, 0, 0, 0, 0, 0, 0, -231, 0, -17, -248
"/home/g/git/slipway/internal/cli/daemon.go", "Go", 0, 0, 0, 0, 0, 0, 0, -178, -7, -18, -203
"/home/g/git/slipway/internal/cli/managed.go", "Go", 0, 0, 0, 0, 0, 0, 0, -376, -2, -33, -411
"/home/g/git/slipway/internal/cli/managed_test.go", "Go", 0, 0, 0, 0, 0, 0, 0, -747, 0, -47, -794
"/home/g/git/slipway/internal/config/config.go", "Go", 0, 0, 0, 0, 0, 0, 0, -431, -40, -39, -510
"/home/g/git/slipway/internal/config/config_test.go", "Go", 0, 0, 0, 0, 0, 0, 0, -688, 0, -25, -713
"/home/g/git/slipway/internal/config/discovery.go", "Go", 0, 0, 0, 0, 0, 0, 0, -148, -6, -19, -173
"/home/g/git/slipway/internal/config/discovery_test.go", "Go", 0, 0, 0, 0, 0, 0, 0, -188, 0, -22, -210
"/home/g/git/slipway/internal/config/fingerprint.go", "Go", 0, 0, 0, 0, 0, 0, 0, -19, -4, -4, -27
"/home/g/git/slipway/internal/config/fingerprint_test.go", "Go", 0, 0, 0, 0, 0, 0, 0, -180, 0, -17, -197
"/home/g/git/slipway/internal/config/paths.go", "Go", 0, 0, 0, 0, 0, 0, 0, -259, -21, -22, -302
"/home/g/git/slipway/internal/config/paths_test.go", "Go", 0, 0, 0, 0, 0, 0, 0, -388, 0, -28, -416
"/home/g/git/slipway/internal/control/client.go", "Go", 0, 0, 0, 0, 0, 0, 0, -326, -21, -27, -374
"/home/g/git/slipway/internal/control/client_test.go", "Go", 0, 0, 0, 0, 0, 0, 0, -133, 0, -19, -152
"/home/g/git/slipway/internal/control/logs.go", "Go", 0, 0, 0, 0, 0, 0, 0, -248, -19, -23, -290
"/home/g/git/slipway/internal/control/logs_test.go", "Go", 0, 0, 0, 0, 0, 0, 0, -127, 0, -9, -136
"/home/g/git/slipway/internal/control/manager.go", "Go", 0, 0, 0, 0, 0, 0, 0, -1086, -60, -71, -1217
"/home/g/git/slipway/internal/control/manager_test.go", "Go", 0, 0, 0, 0, 0, 0, 0, -1195, 0, -68, -1263
"/home/g/git/slipway/internal/control/server.go", "Go", 0, 0, 0, 0, 0, 0, 0, -573, -31, -51, -655
"/home/g/git/slipway/internal/control/server_test.go", "Go", 0, 0, 0, 0, 0, 0, 0, -16, 0, -3, -19
"/home/g/git/slipway/internal/control/transport_test.go", "Go", 0, 0, 0, 0, 0, 0, 0, -514, -2, -42, -558
"/home/g/git/slipway/internal/control/types.go", "Go", 0, 0, 0, 0, 0, 0, 0, -65, -34, -14, -113
"/home/g/git/slipway/internal/daemon/daemon.go", "Go", 0, 0, 0, 0, 0, 0, 0, -94, -5, -12, -111
"/home/g/git/slipway/internal/daemon/daemon_test.go", "Go", 0, 0, 0, 0, 0, 0, 0, -141, 0, -10, -151
"/home/g/git/slipway/internal/daemon/many.go", "Go", 0, 0, 0, 0, 0, 0, 0, -139, -13, -13, -165
"/home/g/git/slipway/internal/daemon/many_test.go", "Go", 0, 0, 0, 0, 0, 0, 0, -252, 0, -27, -279
"/home/g/git/slipway/internal/executor/executor.go", "Go", 0, 0, 0, 0, 0, 0, 0, -232, -38, -30, -300
"/home/g/git/slipway/internal/executor/executor_test.go", "Go", 0, 0, 0, 0, 0, 0, 0, -246, -1, -20, -267
"/home/g/git/slipway/internal/executor/process_other.go", "Go", 0, 0, 0, 0, 0, 0, 0, -4, -4, -5, -13
"/home/g/git/slipway/internal/executor/process_unix.go", "Go", 0, 0, 0, 0, 0, 0, 0, -30, -7, -5, -42
"/home/g/git/slipway/internal/executor/process_unix_test.go", "Go", 0, 0, 0, 0, 0, 0, 0, -168, -4, -15, -187
"/home/g/git/slipway/internal/queue/commands.go", "Go", 0, 0, 0, 0, 0, 0, 0, -98, -2, -6, -106
"/home/g/git/slipway/internal/queue/history.go", "Go", 0, 0, 0, 0, 0, 0, 0, -333, -12, -25, -370
"/home/g/git/slipway/internal/queue/jobs.go", "Go", 0, 0, 0, 0, 0, 0, 0, -309, -12, -22, -343
"/home/g/git/slipway/internal/queue/store.go", "Go", 0, 0, 0, 0, 0, 0, 0, -240, -22, -38, -300
"/home/g/git/slipway/internal/queue/store_test.go", "Go", 0, 0, 0, 0, 0, 0, 0, -610, -4, -46, -660
"/home/g/git/slipway/internal/queue/types.go", "Go", 0, 0, 0, 0, 0, 0, 0, -127, -21, -18, -166
"/home/g/git/slipway/internal/watcher/backend_mode_darwin.go", "Go", 0, 0, 0, 0, 0, 0, 0, -2, -4, -3, -9
"/home/g/git/slipway/internal/watcher/backend_mode_darwin_test.go", "Go", 0, 0, 0, 0, 0, 0, 0, -19, -1, -5, -25
"/home/g/git/slipway/internal/watcher/backend_mode_linux_test.go", "Go", 0, 0, 0, 0, 0, 0, 0, -16, -1, -5, -22
"/home/g/git/slipway/internal/watcher/backend_mode_other.go", "Go", 0, 0, 0, 0, 0, 0, 0, -2, -1, -3, -6
"/home/g/git/slipway/internal/watcher/match.go", "Go", 0, 0, 0, 0, 0, 0, 0, -71, -5, -7, -83
"/home/g/git/slipway/internal/watcher/match_test.go", "Go", 0, 0, 0, 0, 0, 0, 0, -71, 0, -5, -76
"/home/g/git/slipway/internal/watcher/polling.go", "Go", 0, 0, 0, 0, 0, 0, 0, -121, -3, -9, -133
"/home/g/git/slipway/internal/watcher/polling_test.go", "Go", 0, 0, 0, 0, 0, 0, 0, -296, 0, -26, -322
"/home/g/git/slipway/internal/watcher/root_identity.go", "Go", 0, 0, 0, 0, 0, 0, 0, -68, -14, -8, -90
"/home/g/git/slipway/internal/watcher/root_identity_test.go", "Go", 0, 0, 0, 0, 0, 0, 0, -215, 0, -19, -234
"/home/g/git/slipway/internal/watcher/stable.go", "Go", 0, 0, 0, 0, 0, 0, 0, -125, -18, -13, -156
"/home/g/git/slipway/internal/watcher/stable_test.go", "Go", 0, 0, 0, 0, 0, 0, 0, -107, 0, -12, -119
"/home/g/git/slipway/internal/watcher/watcher.go", "Go", 0, 0, 0, 0, 0, 0, 0, -887, -28, -57, -972
"/home/g/git/slipway/internal/watcher/watcher_test.go", "Go", 0, 0, 0, 0, 0, 0, 0, -824, -2, -58, -884
"/home/g/git/slipway/internal/webui/api.go", "Go", 0, 0, 0, 0, 0, 0, 0, -588, 0, -49, -637
"/home/g/git/slipway/internal/webui/api_test.go", "Go", 0, 0, 0, 0, 0, 0, 0, -312, 0, -24, -336
"/home/g/git/slipway/internal/webui/dist/assets/index-Ch0TT8xm.css", "PostCSS", 0, -1, 0, 0, 0, 0, 0, 0, 0, -1, -2
"/home/g/git/slipway/internal/webui/dist/assets/index-DG_S3TIe.js", "JavaScript", 0, 0, 0, 0, 0, -9, 0, 0, 0, -1, -10
"/home/g/git/slipway/internal/webui/dist/index.html", "HTML", 0, 0, 0, 0, -17, 0, 0, 0, 0, -1, -18
"/home/g/git/slipway/internal/webui/dist/theme-init.js", "JavaScript", 0, 0, 0, 0, 0, -24, 0, 0, -2, -5, -31
"/home/g/git/slipway/internal/webui/server.go", "Go", 0, 0, 0, 0, 0, 0, 0, -309, -13, -27, -349
"/home/g/git/slipway/internal/webui/server_test.go", "Go", 0, 0, 0, 0, 0, 0, 0, -119, 0, -6, -125
"/home/g/git/slipway/internal/worker/worker.go", "Go", 0, 0, 0, 0, 0, 0, 0, -372, -20, -39, -431
"/home/g/git/slipway/internal/worker/worker_test.go", "Go", 0, 0, 0, 0, 0, 0, 0, -525, 0, -44, -569
"/home/g/git/slipway/web/index.html", "HTML", 0, 0, 0, 0, 16, 0, 0, 0, 0, 1, 17
"/home/g/git/slipway/web/package-lock.json", "JSON", 0, 0, 0, 1841, 0, 0, 0, 0, 0, 1, 1842
"/home/g/git/slipway/web/package.json", "JSON", 0, 0, 0, 22, 0, 0, 0, 0, 0, 1, 23
"/home/g/git/slipway/web/public/theme-init.js", "JavaScript", 0, 0, 0, 0, 0, 24, 0, 0, 2, 5, 31
"/home/g/git/slipway/web/src/App.tsx", "TypeScript JSX", 977, 0, 0, 0, 0, 0, 0, 0, 0, 71, 1048
"/home/g/git/slipway/web/src/api.ts", "TypeScript", 0, 0, 59, 0, 0, 0, 0, 0, 1, 6, 66
"/home/g/git/slipway/web/src/main.tsx", "TypeScript JSX", 9, 0, 0, 0, 0, 0, 0, 0, 0, 2, 11
"/home/g/git/slipway/web/src/styles.css", "PostCSS", 0, 493, 0, 0, 0, 0, 0, 0, 0, 19, 512
"/home/g/git/slipway/web/src/theme.ts", "TypeScript", 0, 0, 36, 0, 0, 0, 0, 0, 1, 9, 46
"/home/g/git/slipway/web/src/types.ts", "TypeScript", 0, 0, 104, 0, 0, 0, 0, 0, 0, 13, 117
"/home/g/git/slipway/web/tsconfig.app.json", "JSON", 0, 0, 0, 20, 0, 0, 0, 0, 0, 1, 21
"/home/g/git/slipway/web/tsconfig.json", "JSON with Comments", 0, 0, 0, 0, 0, 0, 7, 0, 0, 1, 8
"/home/g/git/slipway/web/tsconfig.node.json", "JSON", 0, 0, 0, 11, 0, 0, 0, 0, 0, 1, 12
"/home/g/git/slipway/web/vite.config.ts", "TypeScript", 0, 0, 9, 0, 0, 0, 0, 0, 0, 2, 11
"Total", "-", 986, 492, 208, 1894, -1, -9, 7, -17138, -505, -1285, -15351